-- MySQL dump 10.13  Distrib 5.7.20, for Linux (x86_64)
--
-- Host: localhost    Database: cargo
-- ------------------------------------------------------
-- Server version	5.7.20-0ubuntu0.16.04.1

/*!40101 SET @OLD_CHARACTER_SET_CLIENT=@@CHARACTER_SET_CLIENT */;
/*!40101 SET @OLD_CHARACTER_SET_RESULTS=@@CHARACTER_SET_RESULTS */;
/*!40101 SET @OLD_COLLATION_CONNECTION=@@COLLATION_CONNECTION */;
/*!40101 SET NAMES utf8 */;
/*!40103 SET @OLD_TIME_ZONE=@@TIME_ZONE */;
/*!40103 SET TIME_ZONE='+00:00' */;
/*!40014 SET @OLD_UNIQUE_CHECKS=@@UNIQUE_CHECKS, UNIQUE_CHECKS=0 */;
/*!40014 SET @OLD_FOREIGN_KEY_CHECKS=@@FOREIGN_KEY_CHECKS, FOREIGN_KEY_CHECKS=0 */;
/*!40101 SET @OLD_SQL_MODE=@@SQL_MODE, SQL_MODE='NO_AUTO_VALUE_ON_ZERO' */;
/*!40111 SET @OLD_SQL_NOTES=@@SQL_NOTES, SQL_NOTES=0 */;

--
-- Table structure for table `bdi`
--

DROP TABLE IF EXISTS `bdi`;
/*!40101 SET @saved_cs_client     = @@character_set_client */;
/*!40101 SET character_set_client = utf8 */;
CREATE TABLE `bdi` (
  `id` int(10) unsigned NOT NULL AUTO_INCREMENT,
  `bdi_code_id` int(10) unsigned NOT NULL,
  `ship_id` int(10) unsigned NOT NULL,
  `price` decimal(8,2) NOT NULL,
  `start_date` date NOT NULL,
  `end_date` date DEFAULT NULL,
  `created_at` timestamp NULL DEFAULT NULL,
  `updated_at` timestamp NULL DEFAULT NULL,
  `deleted_at` timestamp NULL DEFAULT NULL,
  PRIMARY KEY (`id`),
  KEY `bdi_bdi_code_id_foreign` (`bdi_code_id`),
  KEY `bdi_ship_id_foreign` (`ship_id`),
  CONSTRAINT `bdi_bdi_code_id_foreign` FOREIGN KEY (`bdi_code_id`) REFERENCES `bdi_codes` (`id`),
  CONSTRAINT `bdi_ship_id_foreign` FOREIGN KEY (`ship_id`) REFERENCES `ships` (`id`)
) ENGINE=InnoDB AUTO_INCREMENT=10 DEFAULT CHARSET=utf8mb4 COLLATE=utf8mb4_unicode_ci;
/*!40101 SET character_set_client = @saved_cs_client */;

--
-- Dumping data for table `bdi`
--

LOCK TABLES `bdi` WRITE;
/*!40000 ALTER TABLE `bdi` DISABLE KEYS */;
INSERT INTO `bdi` VALUES (1,1,1,20220.00,'2017-12-04',NULL,NULL,NULL,NULL),(2,2,1,20390.00,'2017-12-04',NULL,NULL,NULL,NULL),(3,3,1,29831.00,'2017-12-04',NULL,NULL,NULL,NULL),(4,4,1,9655.00,'2017-12-04',NULL,NULL,NULL,NULL),(5,5,1,19216.00,'2017-12-04',NULL,NULL,NULL,NULL),(6,6,1,4741.00,'2017-12-04',NULL,NULL,NULL,NULL),(7,7,1,31793.00,'2017-12-04',NULL,NULL,NULL,NULL),(8,7,1,25969.00,'2017-12-04',NULL,NULL,NULL,NULL),(9,9,1,13511.00,'2017-12-04',NULL,NULL,NULL,NULL);
/*!40000 ALTER TABLE `bdi` ENABLE KEYS */;
UNLOCK TABLES;

--
-- Table structure for table `bdi_code`
--

DROP TABLE IF EXISTS `bdi_code`;
/*!40101 SET @saved_cs_client     = @@character_set_client */;
/*!40101 SET character_set_client = utf8 */;
CREATE TABLE `bdi_code` (
  `id` int(10) unsigned NOT NULL AUTO_INCREMENT,
  `code` varchar(45) NOT NULL,
  `name` varchar(255) NOT NULL,
  PRIMARY KEY (`id`),
  UNIQUE KEY `code_UNIQUE` (`code`)
) ENGINE=InnoDB AUTO_INCREMENT=10 DEFAULT CHARSET=utf8;
/*!40101 SET character_set_client = @saved_cs_client */;

--
-- Dumping data for table `bdi_code`
--

LOCK TABLES `bdi_code` WRITE;
/*!40000 ALTER TABLE `bdi_code` DISABLE KEYS */;
INSERT INTO `bdi_code` VALUES (1,'S1B_58','Canakkale trip via Med or BI Sea to China-South Korea'),(2,'S1C_15','US Gulf trip to China-south Japan'),(3,'S2_58','South China one Australian or Pacific round voyage'),(4,'S3_58','North China trip to West Africa'),(5,'S4A_58','US Gulf trip to Skaw-Passero'),(6,'S5_58','West Africa trip via east coast South America to north China'),(7,'S8_58','South China trip via Indonesia to east coast India'),(8,'S9_58','West Africa trip via east coast South America to Skaw Passero'),(9,'S10_58','South China trip via Indonesia to south China');
/*!40000 ALTER TABLE `bdi_code` ENABLE KEYS */;
UNLOCK TABLES;

--
-- Table structure for table `bdi_codes`
--

DROP TABLE IF EXISTS `bdi_codes`;
/*!40101 SET @saved_cs_client     = @@character_set_client */;
/*!40101 SET character_set_client = utf8 */;
CREATE TABLE `bdi_codes` (
  `id` int(10) unsigned NOT NULL AUTO_INCREMENT,
  `code` varchar(255) COLLATE utf8mb4_unicode_ci NOT NULL,
  `name` varchar(255) COLLATE utf8mb4_unicode_ci NOT NULL,
  `created_at` timestamp NULL DEFAULT NULL,
  `updated_at` timestamp NULL DEFAULT NULL,
  `deleted_at` timestamp NULL DEFAULT NULL,
  PRIMARY KEY (`id`)
) ENGINE=InnoDB AUTO_INCREMENT=10 DEFAULT CHARSET=utf8mb4 COLLATE=utf8mb4_unicode_ci;
/*!40101 SET character_set_client = @saved_cs_client */;

--
-- Dumping data for table `bdi_codes`
--

LOCK TABLES `bdi_codes` WRITE;
/*!40000 ALTER TABLE `bdi_codes` DISABLE KEYS */;
INSERT INTO `bdi_codes` VALUES (1,'S1B_58','Canakkale trip via Med or BI Sea to China-South Korea',NULL,NULL,NULL),(2,'S1C_15','US Gulf trip to China-south Japan',NULL,NULL,NULL),(3,'S2_58','South China one Australian or Pacific round voyage',NULL,NULL,NULL),(4,'S3_58','North China trip to West Africa',NULL,NULL,NULL),(5,'S4A_58','US Gulf trip to Skaw-Passero',NULL,NULL,NULL),(6,'S5_58','West Africa trip via east coast South America to north China',NULL,NULL,NULL),(7,'S8_58','South China trip via Indonesia to east coast India',NULL,NULL,NULL),(8,'S9_58','West Africa trip via east coast South America to Skaw Passero',NULL,NULL,NULL),(9,'S10_58','South China trip via Indonesia to south China',NULL,NULL,NULL);
/*!40000 ALTER TABLE `bdi_codes` ENABLE KEYS */;
UNLOCK TABLES;

--
-- Table structure for table `cargos`
--

DROP TABLE IF EXISTS `cargos`;
/*!40101 SET @saved_cs_client     = @@character_set_client */;
/*!40101 SET character_set_client = utf8 */;
CREATE TABLE `cargos` (
  `id` int(10) unsigned NOT NULL AUTO_INCREMENT,
  `customer_id` int(10) unsigned NOT NULL,
  `loading_port` int(10) unsigned NOT NULL,
  `discharging_port` int(10) unsigned NOT NULL,
  `laycan_first_day` date NOT NULL,
  `laycan_last_day` date DEFAULT NULL,
  `cargo_description` varchar(255) COLLATE utf8mb4_unicode_ci NOT NULL,
  `stowage_factor` int(11) NOT NULL,
  `sf_unit` int(10) unsigned NOT NULL,
  `ship_specialization_id` int(10) unsigned NOT NULL,
  `quantity_measurement_id` int(10) unsigned NOT NULL,
  `quantity` int(11) NOT NULL,
  `loading_rate_type` int(10) unsigned NOT NULL,
  `loading_rate` int(11) NOT NULL,
  `discharging_rate_type` int(10) unsigned NOT NULL,
  `discharging_rate` int(11) NOT NULL,
  `freight_idea_measurement_id` int(11) unsigned DEFAULT NULL,
  `freight_idea` int(11) DEFAULT NULL,
  `extra_condition` text COLLATE utf8mb4_unicode_ci,
  `comission` decimal(8,2) DEFAULT NULL,
  `created_at` timestamp NULL DEFAULT NULL,
  `updated_at` timestamp NULL DEFAULT NULL,
  `deleted_at` timestamp NULL DEFAULT NULL,
  PRIMARY KEY (`id`),
  KEY `cargos_customer_id_foreign` (`customer_id`),
  KEY `cargos_loading_port_foreign` (`loading_port`),
  KEY `cargos_discharging_port_foreign` (`discharging_port`),
  KEY `cargos_sf_unit_foreign` (`sf_unit`),
  KEY `cargos_ship_specialization_id_foreign` (`ship_specialization_id`),
  KEY `cargos_quantity_measurement_id_foreign` (`quantity_measurement_id`),
  KEY `cargos_loading_rate_type_foreign` (`loading_rate_type`),
  KEY `cargos_discharging_rate_type_foreign` (`discharging_rate_type`),
  KEY `cargos_freight_idea_measurement_id_foreign` (`freight_idea_measurement_id`),
  CONSTRAINT `cargos_customer_id_foreign` FOREIGN KEY (`customer_id`) REFERENCES `customers` (`id`),
  CONSTRAINT `cargos_discharging_port_foreign` FOREIGN KEY (`discharging_port`) REFERENCES `ports` (`id`),
  CONSTRAINT `cargos_discharging_rate_type_foreign` FOREIGN KEY (`discharging_rate_type`) REFERENCES `loading_discharging_rate_type` (`id`),
  CONSTRAINT `cargos_freight_idea_measurement_id_foreign` FOREIGN KEY (`freight_idea_measurement_id`) REFERENCES `freight_idea_measurements` (`id`),
  CONSTRAINT `cargos_loading_port_foreign` FOREIGN KEY (`loading_port`) REFERENCES `ports` (`id`),
  CONSTRAINT `cargos_loading_rate_type_foreign` FOREIGN KEY (`loading_rate_type`) REFERENCES `loading_discharging_rate_type` (`id`),
  CONSTRAINT `cargos_quantity_measurement_id_foreign` FOREIGN KEY (`quantity_measurement_id`) REFERENCES `quantity_measurements` (`id`),
  CONSTRAINT `cargos_sf_unit_foreign` FOREIGN KEY (`sf_unit`) REFERENCES `stowage_factor_units` (`id`),
  CONSTRAINT `cargos_ship_specialization_id_foreign` FOREIGN KEY (`ship_specialization_id`) REFERENCES `ship_specializations` (`id`)
) ENGINE=InnoDB AUTO_INCREMENT=15 DEFAULT CHARSET=utf8mb4 COLLATE=utf8mb4_unicode_ci;
/*!40101 SET character_set_client = @saved_cs_client */;

--
-- Dumping data for table `cargos`
--

LOCK TABLES `cargos` WRITE;
/*!40000 ALTER TABLE `cargos` DISABLE KEYS */;
INSERT INTO `cargos` VALUES (1,1,5,263,'2017-12-06','2017-12-11','Fertilizer in Bulk',1,3,1,1,36000,11,8000,11,5000,NULL,NULL,NULL,3.75,NULL,NULL,NULL),(2,2,3,302,'2017-12-05','2017-12-19','Minerals',1,3,1,1,27000,11,6000,11,9000,NULL,NULL,NULL,3.75,NULL,NULL,NULL),(3,3,5,249,'2017-12-09',NULL,'Grain',1,3,1,1,51000,11,3000,11,4000,NULL,NULL,NULL,3.75,NULL,NULL,NULL),(4,1,23,249,'2017-12-05','2017-12-10','Coal',1,3,1,1,21000,11,10000,11,9000,NULL,NULL,NULL,3.75,NULL,NULL,NULL),(5,4,16,255,'2017-12-09',NULL,'Aggregates',1,3,1,1,75000,11,10000,11,5000,NULL,NULL,NULL,3.75,NULL,NULL,NULL),(6,4,34,325,'2017-12-09',NULL,'Fertilizer in Bulk',1,3,1,1,48000,11,5000,11,6000,NULL,NULL,NULL,3.75,NULL,NULL,NULL),(7,1,48,336,'2017-12-06','2017-12-18','Aggregates',1,3,1,1,16000,11,7000,11,6000,NULL,NULL,NULL,3.75,NULL,NULL,NULL),(8,2,84,302,'2017-12-09',NULL,'Grain',1,3,1,1,40000,11,5000,11,6000,NULL,NULL,NULL,3.75,NULL,NULL,NULL),(9,5,100,288,'2017-12-05','2017-12-09','Coal',1,3,1,1,35000,11,4000,11,7000,NULL,NULL,NULL,3.75,NULL,NULL,NULL),(10,1,75,371,'2017-12-04','2017-12-08','Coal',1,3,1,1,16000,11,3000,11,6000,NULL,NULL,NULL,3.75,NULL,NULL,NULL),(11,2,79,346,'2017-12-04','2017-12-09','Coal',1,3,1,1,18000,11,8000,11,4000,NULL,NULL,NULL,3.75,NULL,NULL,NULL),(12,6,250,18,'2017-12-09',NULL,'Minerals',1,3,1,1,8000,11,7000,11,6000,NULL,NULL,NULL,3.75,NULL,NULL,NULL),(13,7,269,16,'2017-12-04','2017-12-16','Grain',1,3,1,1,67000,11,10000,11,10000,NULL,NULL,NULL,3.75,NULL,NULL,NULL),(14,7,291,391,'2017-12-05','2017-12-16','Grain',1,3,1,1,73000,11,9000,11,5000,NULL,NULL,NULL,3.75,NULL,NULL,NULL);
/*!40000 ALTER TABLE `cargos` ENABLE KEYS */;
UNLOCK TABLES;

--
-- Table structure for table `customers`
--

DROP TABLE IF EXISTS `customers`;
/*!40101 SET @saved_cs_client     = @@character_set_client */;
/*!40101 SET character_set_client = utf8 */;
CREATE TABLE `customers` (
  `id` int(10) unsigned NOT NULL AUTO_INCREMENT,
  `name` varchar(255) COLLATE utf8mb4_unicode_ci NOT NULL,
  `created_at` timestamp NULL DEFAULT NULL,
  `updated_at` timestamp NULL DEFAULT NULL,
  `deleted_at` timestamp NULL DEFAULT NULL,
  PRIMARY KEY (`id`)
) ENGINE=InnoDB AUTO_INCREMENT=8 DEFAULT CHARSET=utf8mb4 COLLATE=utf8mb4_unicode_ci;
/*!40101 SET character_set_client = @saved_cs_client */;

--
-- Dumping data for table `customers`
--

LOCK TABLES `customers` WRITE;
/*!40000 ALTER TABLE `customers` DISABLE KEYS */;
INSERT INTO `customers` VALUES (1,'Uniper Global',NULL,NULL,NULL),(2,'Vedanta Limited - Tender',NULL,NULL,NULL),(3,'Grain Experts',NULL,NULL,NULL),(4,'HW',NULL,NULL,NULL),(5,'Cial United',NULL,NULL,NULL),(6,'Minimalized Minerals',NULL,NULL,NULL),(7,'Hydro Aluminium AS',NULL,NULL,NULL);
/*!40000 ALTER TABLE `customers` ENABLE KEYS */;
UNLOCK TABLES;

--
-- Table structure for table `freight_idea_measurements`
--

DROP TABLE IF EXISTS `freight_idea_measurements`;
/*!40101 SET @saved_cs_client     = @@character_set_client */;
/*!40101 SET character_set_client = utf8 */;
CREATE TABLE `freight_idea_measurements` (
  `id` int(10) unsigned NOT NULL AUTO_INCREMENT,
  `name` varchar(255) COLLATE utf8mb4_unicode_ci NOT NULL,
  `created_at` timestamp NULL DEFAULT NULL,
  `updated_at` timestamp NULL DEFAULT NULL,
  `deleted_at` timestamp NULL DEFAULT NULL,
  PRIMARY KEY (`id`),
  UNIQUE KEY `freight_idea_measurements_name_unique` (`name`)
) ENGINE=InnoDB AUTO_INCREMENT=5 DEFAULT CHARSET=utf8mb4 COLLATE=utf8mb4_unicode_ci;
/*!40101 SET character_set_client = @saved_cs_client */;

--
-- Dumping data for table `freight_idea_measurements`
--

LOCK TABLES `freight_idea_measurements` WRITE;
/*!40000 ALTER TABLE `freight_idea_measurements` DISABLE KEYS */;
INSERT INTO `freight_idea_measurements` VALUES (1,'Per MTS','2017-12-05 12:54:38','2017-12-05 12:54:38',NULL),(2,'Lumpsum','2017-12-05 12:54:38','2017-12-05 12:54:38',NULL),(3,'Time Charter','2017-12-05 12:54:38','2017-12-05 12:54:38',NULL),(4,'Best offer','2017-12-05 12:54:38','2017-12-05 12:54:38',NULL);
/*!40000 ALTER TABLE `freight_idea_measurements` ENABLE KEYS */;
UNLOCK TABLES;

--
-- Table structure for table `fuel_prices`
--

DROP TABLE IF EXISTS `fuel_prices`;
/*!40101 SET @saved_cs_client     = @@character_set_client */;
/*!40101 SET character_set_client = utf8 */;
CREATE TABLE `fuel_prices` (
  `id` int(10) unsigned NOT NULL AUTO_INCREMENT,
  `fuel_type_id` int(10) unsigned NOT NULL,
  `price` decimal(8,2) NOT NULL,
  `start_date` date NOT NULL,
  `end_date` date NOT NULL,
  `created_at` timestamp NULL DEFAULT NULL,
  `updated_at` timestamp NULL DEFAULT NULL,
  `deleted_at` timestamp NULL DEFAULT NULL,
  PRIMARY KEY (`id`),
  KEY `fuel_prices_fuel_type_id_foreign` (`fuel_type_id`),
  CONSTRAINT `fuel_prices_fuel_type_id_foreign` FOREIGN KEY (`fuel_type_id`) REFERENCES `fuel_types` (`id`)
) ENGINE=InnoDB DEFAULT CHARSET=utf8mb4 COLLATE=utf8mb4_unicode_ci;
/*!40101 SET character_set_client = @saved_cs_client */;

--
-- Dumping data for table `fuel_prices`
--

LOCK TABLES `fuel_prices` WRITE;
/*!40000 ALTER TABLE `fuel_prices` DISABLE KEYS */;
/*!40000 ALTER TABLE `fuel_prices` ENABLE KEYS */;
UNLOCK TABLES;

--
-- Table structure for table `fuel_types`
--

DROP TABLE IF EXISTS `fuel_types`;
/*!40101 SET @saved_cs_client     = @@character_set_client */;
/*!40101 SET character_set_client = utf8 */;
CREATE TABLE `fuel_types` (
  `id` int(10) unsigned NOT NULL AUTO_INCREMENT,
  `name` varchar(255) COLLATE utf8mb4_unicode_ci NOT NULL,
  `created_at` timestamp NULL DEFAULT NULL,
  `updated_at` timestamp NULL DEFAULT NULL,
  `deleted_at` timestamp NULL DEFAULT NULL,
  PRIMARY KEY (`id`)
) ENGINE=InnoDB AUTO_INCREMENT=4 DEFAULT CHARSET=utf8mb4 COLLATE=utf8mb4_unicode_ci;
/*!40101 SET character_set_client = @saved_cs_client */;

--
-- Dumping data for table `fuel_types`
--

LOCK TABLES `fuel_types` WRITE;
/*!40000 ALTER TABLE `fuel_types` DISABLE KEYS */;
INSERT INTO `fuel_types` VALUES (1,'FO','2017-12-05 12:54:41','2017-12-05 12:54:41',NULL),(2,'MD/GO','2017-12-05 12:54:41','2017-12-05 12:54:41',NULL),(3,'LSMGO','2017-12-05 12:54:41','2017-12-05 12:54:41',NULL);
/*!40000 ALTER TABLE `fuel_types` ENABLE KEYS */;
UNLOCK TABLES;

--
-- Table structure for table `loading_discharging_rate_type`
--

DROP TABLE IF EXISTS `loading_discharging_rate_type`;
/*!40101 SET @saved_cs_client     = @@character_set_client */;
/*!40101 SET character_set_client = utf8 */;
CREATE TABLE `loading_discharging_rate_type` (
  `id` int(10) unsigned NOT NULL AUTO_INCREMENT,
  `name` varchar(255) COLLATE utf8mb4_unicode_ci NOT NULL,
  `created_at` timestamp NULL DEFAULT NULL,
  `updated_at` timestamp NULL DEFAULT NULL,
  `deleted_at` timestamp NULL DEFAULT NULL,
  PRIMARY KEY (`id`),
  UNIQUE KEY `loading_discharging_rate_type_name_unique` (`name`)
) ENGINE=InnoDB AUTO_INCREMENT=13 DEFAULT CHARSET=utf8mb4 COLLATE=utf8mb4_unicode_ci;
/*!40101 SET character_set_client = @saved_cs_client */;

--
-- Dumping data for table `loading_discharging_rate_type`
--

LOCK TABLES `loading_discharging_rate_type` WRITE;
/*!40000 ALTER TABLE `loading_discharging_rate_type` DISABLE KEYS */;
INSERT INTO `loading_discharging_rate_type` VALUES (1,'SHEX EIU','2017-12-05 12:54:39','2017-12-05 12:54:39',NULL),(2,'SHEX UU','2017-12-05 12:54:39','2017-12-05 12:54:39',NULL),(3,'SSHEX EIU','2017-12-05 12:54:39','2017-12-05 12:54:39',NULL),(4,'SSHEX UU','2017-12-05 12:54:39','2017-12-05 12:54:39',NULL),(5,'FHEX EIU','2017-12-05 12:54:39','2017-12-05 12:54:39',NULL),(6,'FHEX UU','2017-12-05 12:54:39','2017-12-05 12:54:39',NULL),(7,'FSHEX EIU','2017-12-05 12:54:39','2017-12-05 12:54:39',NULL),(8,'FSHEX UU','2017-12-05 12:54:39','2017-12-05 12:54:39',NULL),(9,'TFHEX EIU','2017-12-05 12:54:39','2017-12-05 12:54:39',NULL),(10,'TFHEX UU','2017-12-05 12:54:39','2017-12-05 12:54:39',NULL),(11,'SHINC','2017-12-05 12:54:39','2017-12-05 12:54:39',NULL),(12,'SSHINC','2017-12-05 12:54:39','2017-12-05 12:54:39',NULL);
/*!40000 ALTER TABLE `loading_discharging_rate_type` ENABLE KEYS */;
UNLOCK TABLES;

--
-- Table structure for table `migrations`
--

DROP TABLE IF EXISTS `migrations`;
/*!40101 SET @saved_cs_client     = @@character_set_client */;
/*!40101 SET character_set_client = utf8 */;
CREATE TABLE `migrations` (
  `id` int(10) unsigned NOT NULL AUTO_INCREMENT,
  `migration` varchar(255) COLLATE utf8mb4_unicode_ci NOT NULL,
  `batch` int(11) NOT NULL,
  PRIMARY KEY (`id`)
) ENGINE=InnoDB AUTO_INCREMENT=21 DEFAULT CHARSET=utf8mb4 COLLATE=utf8mb4_unicode_ci;
/*!40101 SET character_set_client = @saved_cs_client */;

--
-- Dumping data for table `migrations`
--

LOCK TABLES `migrations` WRITE;
/*!40000 ALTER TABLE `migrations` DISABLE KEYS */;
INSERT INTO `migrations` VALUES (1,'2014_10_12_000000_create_users_table',1),(2,'2014_10_12_100000_create_password_resets_table',1),(3,'2017_08_10_090952_create_table_bdi_codes',1),(4,'2017_08_10_092833_create_table_customers',1),(5,'2017_08_10_195720_create_table_regions',1),(6,'2017_09_10_175515_create_table_routes',1),(7,'2017_09_10_175539_create_table_fuel_type',1),(8,'2017_09_10_175600_create_table_fuel_prices',1),(9,'2017_09_10_195412_create_table_ship_types',1),(10,'2017_09_10_195413_create_table_ship_spezializations',1),(11,'2017_09_10_195414_create_table_ships',1),(12,'2017_09_10_195732_create_table_ports',1),(13,'2017_09_10_203931_create_table_stowage_factor_units',1),(14,'2017_09_10_204244_create_table_quantity_measurements',1),(15,'2017_09_10_204332_create_table_loading_discharging_rate_type',1),(16,'2017_09_10_204402_create_table_freight_idea_measurement',1),(17,'2017_09_10_204403_create_table_cargos',1),(18,'2017_09_10_205738_create_table_ship_positions',1),(19,'2017_09_10_215553_add_soft_delete',1),(20,'2017_09_10_22603_create_table_bdi',1);
/*!40000 ALTER TABLE `migrations` ENABLE KEYS */;
UNLOCK TABLES;

--
-- Table structure for table `password_resets`
--

DROP TABLE IF EXISTS `password_resets`;
/*!40101 SET @saved_cs_client     = @@character_set_client */;
/*!40101 SET character_set_client = utf8 */;
CREATE TABLE `password_resets` (
  `email` varchar(255) COLLATE utf8mb4_unicode_ci NOT NULL,
  `token` varchar(255) COLLATE utf8mb4_unicode_ci NOT NULL,
  `created_at` timestamp NULL DEFAULT NULL,
  KEY `password_resets_email_index` (`email`)
) ENGINE=InnoDB DEFAULT CHARSET=utf8mb4 COLLATE=utf8mb4_unicode_ci;
/*!40101 SET character_set_client = @saved_cs_client */;

--
-- Dumping data for table `password_resets`
--

LOCK TABLES `password_resets` WRITE;
/*!40000 ALTER TABLE `password_resets` DISABLE KEYS */;
/*!40000 ALTER TABLE `password_resets` ENABLE KEYS */;
UNLOCK TABLES;

--
-- Table structure for table `ports`
--

DROP TABLE IF EXISTS `ports`;
/*!40101 SET @saved_cs_client     = @@character_set_client */;
/*!40101 SET character_set_client = utf8 */;
CREATE TABLE `ports` (
  `id` int(10) unsigned NOT NULL AUTO_INCREMENT,
  `name` varchar(255) COLLATE utf8mb4_unicode_ci NOT NULL,
  `fee` int(11) DEFAULT NULL,
  `region_id` int(10) unsigned NOT NULL,
  `max_laden_draft` decimal(8,2) DEFAULT NULL,
  `latitude` decimal(8,2) NOT NULL,
  `longitude` decimal(8,2) NOT NULL,
  `created_at` timestamp NULL DEFAULT NULL,
  `updated_at` timestamp NULL DEFAULT NULL,
  `deleted_at` timestamp NULL DEFAULT NULL,
  PRIMARY KEY (`id`),
  UNIQUE KEY `ports_name_unique` (`name`),
  KEY `ports_region_foreign` (`region_id`),
  CONSTRAINT `ports_region_foreign` FOREIGN KEY (`region_id`) REFERENCES `regions` (`id`),
  CONSTRAINT `ports_region_id_foreign` FOREIGN KEY (`region_id`) REFERENCES `regions` (`id`)
) ENGINE=InnoDB AUTO_INCREMENT=414 DEFAULT CHARSET=utf8mb4 COLLATE=utf8mb4_unicode_ci;
/*!40101 SET character_set_client = @saved_cs_client */;

--
-- Dumping data for table `ports`
--

LOCK TABLES `ports` WRITE;
/*!40000 ALTER TABLE `ports` DISABLE KEYS */;
INSERT INTO `ports` VALUES (1,'FANG-CHENG',54000,7,NULL,21.45,108.21,NULL,NULL,NULL),(2,'BEIHAI',148000,7,NULL,21.29,109.04,NULL,NULL,NULL),(3,'HAIKOU',35000,7,NULL,20.03,110.17,NULL,NULL,NULL),(4,'BASUO',57000,7,NULL,19.06,108.37,NULL,NULL,NULL),(5,'ZHANJIANG',53000,7,NULL,21.12,110.24,NULL,NULL,NULL),(6,'LON SHUI TERMINAL',86000,7,NULL,20.50,115.41,NULL,NULL,NULL),(7,'SHEKOU',49000,7,NULL,22.28,113.52,NULL,NULL,NULL),(8,'SANYA',115000,7,NULL,18.19,109.27,NULL,NULL,NULL),(9,'YANGPU',67000,7,NULL,19.44,109.11,NULL,NULL,NULL),(10,'CHIWAN',37000,7,NULL,19.58,110.02,NULL,NULL,NULL),(11,'SHUI DONG',102000,7,NULL,21.29,111.05,NULL,NULL,NULL),(12,'QINZHOU',46000,7,NULL,21.44,108.35,NULL,NULL,NULL),(13,'ZHUHAI',17000,7,NULL,22.14,113.35,NULL,NULL,NULL),(14,'HUANGPU',16000,7,NULL,23.05,113.25,NULL,NULL,NULL),(15,'HUANGPUXINGANG',29000,7,NULL,23.05,113.30,NULL,NULL,NULL),(16,'GUANGZHOU',64000,7,NULL,23.07,113.14,NULL,NULL,NULL),(17,'YANTIAN',154000,7,NULL,22.35,114.16,NULL,NULL,NULL),(18,'HUIZHOU',31000,7,NULL,22.43,114.31,NULL,NULL,NULL),(19,'SHAN T OU',7000,7,NULL,23.22,116.41,NULL,NULL,NULL),(20,'CHAOZHOU',145000,7,NULL,23.37,117.05,NULL,NULL,NULL),(21,'DONGSHAN',13000,7,NULL,23.45,117.31,NULL,NULL,NULL),(22,'XIAMEN',40000,7,NULL,24.27,118.04,NULL,NULL,NULL),(23,'ZHANGZHOU',88000,7,NULL,24.41,118.09,NULL,NULL,NULL),(24,'QUANZHOU',77000,7,NULL,24.53,118.36,NULL,NULL,NULL),(25,'XIUYU',83000,7,NULL,25.14,118.59,NULL,NULL,NULL),(26,'FUZHOU',123000,7,NULL,26.05,119.18,NULL,NULL,NULL),(27,'WENZHOU',20000,5,NULL,28.01,120.39,NULL,NULL,NULL),(28,'HAIMEN',74000,5,NULL,28.41,121.27,NULL,NULL,NULL),(29,'NINGBO',69000,5,NULL,29.53,121.33,NULL,NULL,NULL),(30,'ZHEN HAI',67000,5,NULL,29.57,121.42,NULL,NULL,NULL),(31,'ZHOUSHAN',57000,5,NULL,30.00,122.06,NULL,NULL,NULL),(32,'ZHAPU',29000,5,NULL,30.35,121.05,NULL,NULL,NULL),(33,'SHANGHAI',85000,5,NULL,31.13,121.30,NULL,NULL,NULL),(34,'CHANGSHU',88000,5,NULL,31.46,120.57,NULL,NULL,NULL),(35,'TAICANG',53000,5,NULL,31.39,121.12,NULL,NULL,NULL),(36,'JIANGYIN',90000,5,NULL,31.55,120.14,NULL,NULL,NULL),(37,'CHANGZHOU',70000,5,NULL,31.58,119.59,NULL,NULL,NULL),(38,'GAOGANG',75000,5,NULL,32.17,119.51,NULL,NULL,NULL),(39,'YANGZHOU',66000,5,NULL,32.16,119.26,NULL,NULL,NULL),(40,'ZHANGJIANGANG',90000,5,NULL,31.58,120.24,NULL,NULL,NULL),(41,'NANTONG',59000,5,NULL,32.00,120.48,NULL,NULL,NULL),(42,'ZHENJIANG',65000,5,NULL,32.13,119.26,NULL,NULL,NULL),(43,'NANJING',5000,5,NULL,32.05,118.45,NULL,NULL,NULL),(44,'WU HU',95000,5,NULL,31.20,118.22,NULL,NULL,NULL),(45,'ANKINGCHENG',106000,5,NULL,30.31,117.02,NULL,NULL,NULL),(46,'HANKOW',51000,5,NULL,30.35,114.17,NULL,NULL,NULL),(47,'WANXIAN',16000,5,NULL,30.49,108.26,NULL,NULL,NULL),(48,'CHUNG CHING',13000,5,NULL,29.34,106.38,NULL,NULL,NULL),(49,'LANSHAN',57000,5,NULL,30.06,119.22,NULL,NULL,NULL),(50,'LIANYUNGANG',31000,5,NULL,34.44,119.27,NULL,NULL,NULL),(51,'RIZHAO',33000,5,NULL,35.23,119.34,NULL,NULL,NULL),(52,'QINGDAO GANG',143000,5,NULL,36.02,120.16,NULL,NULL,NULL),(53,'WEIHAI',28000,5,NULL,37.30,122.06,NULL,NULL,NULL),(54,'YANTAI',5000,5,NULL,37.33,121.27,NULL,NULL,NULL),(55,'PENGLAI',110000,5,NULL,37.49,120.50,NULL,NULL,NULL),(56,'LONGKOU GANG',9000,5,NULL,37.38,120.17,NULL,NULL,NULL),(57,'DAGU TANGGU',42000,5,NULL,38.58,117.40,NULL,NULL,NULL),(58,'TIANJIN XIN GANG',17000,5,NULL,38.58,117.50,NULL,NULL,NULL),(59,'TANGSHAN (JINGTANG)',43000,5,NULL,39.12,119.01,NULL,NULL,NULL),(60,'QINHUANGDAO',28000,5,NULL,39.56,119.37,NULL,NULL,NULL),(61,'SUIZHANG GANG',18000,5,NULL,40.04,121.03,NULL,NULL,NULL),(62,'HULUDAO GANG',57000,5,NULL,40.42,120.59,NULL,NULL,NULL),(63,'JINZHOU WAN',28000,5,NULL,40.45,121.06,NULL,NULL,NULL),(64,'YINGKOU',17000,5,NULL,40.41,122.14,NULL,NULL,NULL),(65,'BAYUQUAN',28000,5,NULL,40.18,122.05,NULL,NULL,NULL),(66,'DANDONG',20000,5,NULL,39.49,124.09,NULL,NULL,NULL),(67,'LUSHUN',126000,5,NULL,38.47,121.15,NULL,NULL,NULL),(68,'DALIAN',73000,5,NULL,38.55,121.40,NULL,NULL,NULL),(69,'INCHON',176000,2,NULL,37.28,126.37,NULL,NULL,NULL),(70,'DAESAN HANG',107000,2,NULL,37.01,126.24,NULL,NULL,NULL),(71,'PYEONGTAEK HANG',66000,2,NULL,37.00,126.48,NULL,NULL,NULL),(72,'KUNSAN',23000,2,NULL,35.59,126.37,NULL,NULL,NULL),(73,'MOKPO',93000,2,NULL,34.47,126.23,NULL,NULL,NULL),(74,'CHEJU HANG',66000,2,NULL,33.31,126.32,NULL,NULL,NULL),(75,'YOSU',27000,2,NULL,34.44,127.45,NULL,NULL,NULL),(76,'GWANGYANG HANG',37000,2,NULL,34.51,127.48,NULL,NULL,NULL),(77,'MASAN',34000,2,NULL,35.11,128.34,NULL,NULL,NULL),(78,'CHINAE',15000,2,NULL,35.08,128.39,NULL,NULL,NULL),(79,'PUSAN',55000,2,NULL,35.06,129.02,NULL,NULL,NULL),(80,'ULSAN',38000,2,NULL,35.27,129.24,NULL,NULL,NULL),(81,'POHANG',66000,2,NULL,36.03,129.23,NULL,NULL,NULL),(82,'MUKHO',29000,2,NULL,37.34,129.07,NULL,NULL,NULL),(83,'TONGHAE',19000,2,NULL,37.32,129.09,NULL,NULL,NULL),(84,'SOKCH\'O HANG',8000,2,NULL,38.12,128.36,NULL,NULL,NULL),(85,'MOMBETSU KO',117000,3,NULL,44.21,143.21,NULL,NULL,NULL),(86,'ABASHIRI KO',58000,3,NULL,44.01,144.17,NULL,NULL,NULL),(87,'NEMURO KO',58000,3,NULL,43.20,145.35,NULL,NULL,NULL),(88,'HANASAKI KO',41000,3,NULL,43.17,145.35,NULL,NULL,NULL),(89,'KUSHIRO KO',60000,3,NULL,42.59,144.22,NULL,NULL,NULL),(90,'TOMAKOMAI KO',29000,3,NULL,42.38,141.38,NULL,NULL,NULL),(91,'MURORAN KO',64000,3,NULL,42.21,140.58,NULL,NULL,NULL),(92,'TOKACHI',19000,3,NULL,42.15,143.18,NULL,NULL,NULL),(93,'MORI',162000,3,NULL,42.07,140.35,NULL,NULL,NULL),(94,'HAKODATE KO',149000,3,NULL,41.47,140.43,NULL,NULL,NULL),(95,'ESASI KO',38000,3,NULL,41.52,140.07,NULL,NULL,NULL),(96,'OTARU KO',17000,3,NULL,43.12,141.01,NULL,NULL,NULL),(97,'ISIKARI WAN',35000,3,NULL,43.14,141.22,NULL,NULL,NULL),(98,'ISHIKARI BAY NEW PORT',153000,3,NULL,43.13,141.17,NULL,NULL,NULL),(99,'RUMOI KO',8000,3,NULL,43.57,141.38,NULL,NULL,NULL),(100,'WAKKANAI',12000,3,NULL,43.25,141.41,NULL,NULL,NULL),(101,'AOMORI KO',60000,3,NULL,40.50,140.45,NULL,NULL,NULL),(102,'NOSHIRO KO',24000,3,NULL,40.13,140.00,NULL,NULL,NULL),(103,'HACHINOHE KO',51000,3,NULL,40.32,141.33,NULL,NULL,NULL),(104,'MIYAKO',20000,3,NULL,39.38,141.59,NULL,NULL,NULL),(105,'KAMAISHI KO',135000,3,NULL,39.16,141.54,NULL,NULL,NULL),(106,'OFUNATO',23000,3,NULL,39.03,141.44,NULL,NULL,NULL),(107,'KESENNUMA KO',24000,3,NULL,38.52,141.36,NULL,NULL,NULL),(108,'ONAGAWA',22000,3,NULL,38.27,141.27,NULL,NULL,NULL),(109,'ISHINOMAKI KO',41000,3,NULL,38.24,141.19,NULL,NULL,NULL),(110,'SENDAI-SHIOGAMA',9000,3,NULL,38.19,141.02,NULL,NULL,NULL),(111,'SOMA',25000,3,NULL,37.50,140.57,NULL,NULL,NULL),(112,'ONAHAMA KO',121000,3,NULL,36.56,140.54,NULL,NULL,NULL),(113,'HITACHI',19000,3,NULL,36.30,140.38,NULL,NULL,NULL),(114,'KASHIMA KO',36000,3,NULL,35.56,140.42,NULL,NULL,NULL),(115,'CHOSHI',10000,3,NULL,35.44,140.51,NULL,NULL,NULL),(116,'TATEYAMA KO',67000,3,NULL,35.00,139.48,NULL,NULL,NULL),(117,'KISARAZU KO',36000,3,NULL,35.22,139.53,NULL,NULL,NULL),(118,'CHIBA KO',40000,3,NULL,35.35,140.04,NULL,NULL,NULL),(119,'KATSUNAN KO',17000,3,NULL,35.40,139.59,NULL,NULL,NULL),(120,'FUNABASHI',80000,3,NULL,35.40,139.57,NULL,NULL,NULL),(121,'TOKYO KO',66000,3,NULL,35.40,139.45,NULL,NULL,NULL),(122,'KAWASAKI KO',39000,3,NULL,35.30,139.46,NULL,NULL,NULL),(123,'YOKOHAMA KO',39000,3,NULL,35.27,139.35,NULL,NULL,NULL),(124,'YOKOSUKA KO',91000,3,NULL,35.17,139.40,NULL,NULL,NULL),(125,'URAGA KO',25000,3,NULL,35.14,139.43,NULL,NULL,NULL),(126,'TAGONOURA KO',72000,3,NULL,35.08,138.42,NULL,NULL,NULL),(127,'ATSUMI',24000,3,NULL,34.40,137.04,NULL,NULL,NULL),(128,'SHIMODA KO',83000,3,NULL,34.40,138.57,NULL,NULL,NULL),(129,'OMAEZAKI KO',11000,3,NULL,34.36,138.14,NULL,NULL,NULL),(130,'SHIMIZU KO',56000,3,NULL,35.01,138.30,NULL,NULL,NULL),(131,'MIKAWA',47000,3,NULL,34.43,137.18,NULL,NULL,NULL),(132,'KINUURA KO',54000,3,NULL,34.51,136.57,NULL,NULL,NULL),(133,'GAMAGORI KO',73000,3,NULL,34.49,137.13,NULL,NULL,NULL),(134,'NAGOYA KO',63000,3,NULL,35.04,136.52,NULL,NULL,NULL),(135,'YOKKAICHI',51000,3,NULL,34.58,136.38,NULL,NULL,NULL),(136,'MATSUSAKA',47000,3,NULL,34.36,136.34,NULL,NULL,NULL),(137,'TOBA',40000,3,NULL,34.29,136.51,NULL,NULL,NULL),(138,'OWASE KO',159000,3,NULL,34.04,136.13,NULL,NULL,NULL),(139,'TANABE KO',34000,3,NULL,33.43,135.22,NULL,NULL,NULL),(140,'YURA',75000,3,NULL,33.57,135.06,NULL,NULL,NULL),(141,'WAKAYAMA-SHIMOTSU KO',49000,3,NULL,34.12,135.08,NULL,NULL,NULL),(142,'SAKAI-SENBOKU',133000,3,NULL,34.33,135.26,NULL,NULL,NULL),(143,'OSAKA',38000,3,NULL,34.39,135.26,NULL,NULL,NULL),(144,'AMAGASAKI',141000,3,NULL,34.42,135.23,NULL,NULL,NULL),(145,'KOBE',34000,3,NULL,34.39,135.11,NULL,NULL,NULL),(146,'HIROHATA',68000,3,NULL,34.46,134.38,NULL,NULL,NULL),(147,'SHIKAMA',54000,3,NULL,34.46,134.39,NULL,NULL,NULL),(148,'HIMEJI',34000,3,NULL,34.45,134.38,NULL,NULL,NULL),(149,'HIGASHI-HARIMA',42000,3,NULL,34.42,134.50,NULL,NULL,NULL),(150,'AIOI',90000,3,NULL,34.47,134.28,NULL,NULL,NULL),(151,'O0KIHAMA',37000,3,NULL,34.45,134.34,NULL,NULL,NULL),(152,'KAKOGAWA',21000,3,NULL,34.42,134.50,NULL,NULL,NULL),(153,'UNO KO',107000,3,NULL,34.29,133.57,NULL,NULL,NULL),(154,'HIBI KO',101000,3,NULL,34.27,133.56,NULL,NULL,NULL),(155,'MIZUSHIMA KO',62000,3,NULL,34.30,133.45,NULL,NULL,NULL),(156,'FUKUYAMA',22000,3,NULL,34.26,133.26,NULL,NULL,NULL),(157,'HABU KO',43000,3,NULL,34.17,133.11,NULL,NULL,NULL),(158,'ONOMICHI-ITOZAKI',5000,3,NULL,34.23,133.10,NULL,NULL,NULL),(159,'KURE',54000,3,NULL,34.14,132.33,NULL,NULL,NULL),(160,'MITSUKOJIMA',140000,3,NULL,34.11,132.31,NULL,NULL,NULL),(161,'HIROSHIMA',88000,3,NULL,34.21,132.28,NULL,NULL,NULL),(162,'KANOKAWA KO',44000,3,NULL,34.11,132.26,NULL,NULL,NULL),(163,'IWAKUNI KO',49000,3,NULL,34.11,132.15,NULL,NULL,NULL),(164,'NAMIKATA',5000,3,NULL,34.07,132.54,NULL,NULL,NULL),(165,'KUDAMATSU',17000,3,NULL,34.00,131.52,NULL,NULL,NULL),(166,'TOKUYAMA',65000,3,NULL,34.02,131.49,NULL,NULL,NULL),(167,'UBE KO',46000,3,NULL,33.56,131.14,NULL,NULL,NULL),(168,'HIKARI',26000,3,NULL,33.57,131.56,NULL,NULL,NULL),(169,'SHIMONOSEKI',41000,3,NULL,33.56,130.56,NULL,NULL,NULL),(170,'HAGI KO',68000,3,NULL,34.25,131.24,NULL,NULL,NULL),(171,'HAMADA KO',98000,3,NULL,34.54,132.05,NULL,NULL,NULL),(172,'SAKAI KO',70000,3,NULL,35.33,133.15,NULL,NULL,NULL),(173,'SAKAIMINATO',115000,3,NULL,35.32,133.14,NULL,NULL,NULL),(174,'MIYAZU',57000,3,NULL,35.32,135.12,NULL,NULL,NULL),(175,'MAIZURU KO',11000,3,NULL,35.31,135.20,NULL,NULL,NULL),(176,'UCHIURA',7000,3,NULL,35.31,135.30,NULL,NULL,NULL),(177,'FUKUI',28000,3,NULL,36.04,136.12,NULL,NULL,NULL),(178,'TSURUGA KO',54000,3,NULL,35.39,136.04,NULL,NULL,NULL),(179,'FUKUI KO',125000,3,NULL,36.11,136.06,NULL,NULL,NULL),(180,'KANAZAWA',75000,3,NULL,36.37,136.36,NULL,NULL,NULL),(181,'NANAO KO',75000,3,NULL,37.03,136.59,NULL,NULL,NULL),(182,'FUSHIKI-TOYAMA',71000,3,NULL,36.46,137.08,NULL,NULL,NULL),(183,'SHIMMINATO',17000,3,NULL,36.46,137.07,NULL,NULL,NULL),(184,'HIMEKAWA',9000,3,NULL,37.02,137.51,NULL,NULL,NULL),(185,'NAOETSU KO',20000,3,NULL,37.11,138.15,NULL,NULL,NULL),(186,'KASHIWAZAKI',56000,3,NULL,37.22,138.33,NULL,NULL,NULL),(187,'NIIGATA KO',37000,3,NULL,37.55,139.03,NULL,NULL,NULL),(188,'EASTERN PART OF NIIGATA-KO',116000,3,NULL,38.01,139.14,NULL,NULL,NULL),(189,'RYOTU KO',67000,3,NULL,38.05,138.34,NULL,NULL,NULL),(190,'SAKATA KO',22000,3,NULL,38.56,139.49,NULL,NULL,NULL),(191,'AKITA-FUNAKAWA KO',138000,3,NULL,39.50,140.00,NULL,NULL,NULL),(192,'MEGA',89000,3,NULL,34.47,134.42,NULL,NULL,NULL),(193,'HANNAN KO',79000,3,NULL,34.28,135.21,NULL,NULL,NULL),(194,'TAKAMATSU',76000,3,NULL,34.21,134.03,NULL,NULL,NULL),(195,'KOMATSUSHIMA',7000,3,NULL,34.01,134.36,NULL,NULL,NULL),(196,'TACHIBANA',142000,3,NULL,33.52,134.40,NULL,NULL,NULL),(197,'SHINGU',27000,3,NULL,33.40,135.59,NULL,NULL,NULL),(198,'KOCHI KO',16000,3,NULL,33.30,133.34,NULL,NULL,NULL),(199,'SUSAKI KO',131000,3,NULL,33.23,133.18,NULL,NULL,NULL),(200,'UWAJIMA KO',59000,3,NULL,33.13,132.34,NULL,NULL,NULL),(201,'YAWATAHAMA',11000,3,NULL,33.27,132.25,NULL,NULL,NULL),(202,'MATSUYAMA',7000,3,NULL,33.51,132.42,NULL,NULL,NULL),(203,'KIKUMA KO',23000,3,NULL,34.02,132.50,NULL,NULL,NULL),(204,'MUTUREZIMA KO',7000,3,NULL,33.58,130.52,NULL,NULL,NULL),(205,'IMABARI KO',13000,3,NULL,34.04,133.01,NULL,NULL,NULL),(206,'TAKUMA',32000,3,NULL,34.13,133.41,NULL,NULL,NULL),(207,'TONDA',53000,3,NULL,34.02,131.45,NULL,NULL,NULL),(208,'ONODA',109000,3,NULL,34.00,131.11,NULL,NULL,NULL),(209,'NIIHAMA',89000,3,NULL,33.59,133.17,NULL,NULL,NULL),(210,'MISHIMA-KAWANOE KO',74000,3,NULL,34.00,133.33,NULL,NULL,NULL),(211,'MARUGAME KO',118000,3,NULL,34.18,133.47,NULL,NULL,NULL),(212,'SAKAIDE KO',57000,3,NULL,34.20,133.51,NULL,NULL,NULL),(213,'YANAI',15000,3,NULL,33.57,132.08,NULL,NULL,NULL),(214,'TOBATA',27000,3,NULL,33.55,130.49,NULL,NULL,NULL),(215,'HIBIKINADA',117000,3,NULL,33.56,130.50,NULL,NULL,NULL),(216,'WAKAMATSU KO',77000,3,NULL,33.54,130.49,NULL,NULL,NULL),(217,'YAHATA',30000,3,NULL,33.52,130.49,NULL,NULL,NULL),(218,'KOKURA KO',115000,3,NULL,33.53,130.53,NULL,NULL,NULL),(219,'MOJI KO',113000,3,NULL,33.57,130.58,NULL,NULL,NULL),(220,'KANDA',34000,3,NULL,33.47,131.01,NULL,NULL,NULL),(221,'BEPPU',133000,3,NULL,33.19,131.31,NULL,NULL,NULL),(222,'OITA KO',71000,3,NULL,33.15,131.40,NULL,NULL,NULL),(223,'SAGANOSEKI KO',7000,3,NULL,33.15,131.52,NULL,NULL,NULL),(224,'TSUKUMI KO',68000,3,NULL,33.05,131.52,NULL,NULL,NULL),(225,'SAIKI KO',35000,3,NULL,32.58,131.56,NULL,NULL,NULL),(226,'HOSOSHIMA KO',96000,3,NULL,32.26,131.40,NULL,NULL,NULL),(227,'KAGOSHIMA KO',106000,3,NULL,31.35,130.34,NULL,NULL,NULL),(228,'SHIBUSHI WAN',54000,3,NULL,31.28,131.06,NULL,NULL,NULL),(229,'KIIRE',93000,3,NULL,31.23,130.33,NULL,NULL,NULL),(230,'MINAMATA KO',24000,3,NULL,32.12,130.23,NULL,NULL,NULL),(231,'YATSUSHIRO KO',33000,3,NULL,32.30,130.32,NULL,NULL,NULL),(232,'MISUMI KO',74000,3,NULL,32.36,130.28,NULL,NULL,NULL),(233,'MIIKE KO',25000,3,NULL,33.00,130.25,NULL,NULL,NULL),(234,'MATSU-SHIMA',90000,3,NULL,32.56,129.36,NULL,NULL,NULL),(235,'AOKATA',19000,3,NULL,32.59,129.04,NULL,NULL,NULL),(236,'NAGASAKI',64000,3,NULL,32.43,129.51,NULL,NULL,NULL),(237,'SASEBO',28000,3,NULL,33.10,129.43,NULL,NULL,NULL),(238,'IMARI',77000,3,NULL,33.17,129.53,NULL,NULL,NULL),(239,'KARATSU',35000,3,NULL,33.29,129.58,NULL,NULL,NULL),(240,'HAKATA',20000,3,NULL,33.36,130.24,NULL,NULL,NULL),(241,'IZUHARA',99000,3,NULL,34.12,129.18,NULL,NULL,NULL),(242,'KIN WAN',114000,3,NULL,26.25,127.54,NULL,NULL,NULL),(243,'NISHIHARA',23000,3,NULL,26.13,127.48,NULL,NULL,NULL),(244,'NAHA KO',33000,3,NULL,26.13,127.41,NULL,NULL,NULL),(245,'NAKAGUSUKU',46000,3,NULL,26.16,127.55,NULL,NULL,NULL),(246,'HIRARA KO',10000,3,NULL,24.48,125.17,NULL,NULL,NULL),(247,'ISHIGAKI',7000,3,NULL,24.20,124.10,NULL,NULL,NULL),(248,'NAVLAKHI',94000,4,NULL,22.57,70.27,NULL,NULL,NULL),(249,'BEDI',5000,4,NULL,22.31,70.02,NULL,NULL,NULL),(250,'OKHA',93000,4,NULL,22.28,69.05,NULL,NULL,NULL),(251,'DAHEJ',46000,4,NULL,21.42,72.32,NULL,NULL,NULL),(252,'PORBANDAR',43000,4,NULL,21.38,69.36,NULL,NULL,NULL),(253,'VERAVAL',74000,4,NULL,20.54,70.22,NULL,NULL,NULL),(254,'PIPAVAV BANDAR',77000,4,NULL,20.55,71.31,NULL,NULL,NULL),(255,'BHAVNAGAR',8000,4,NULL,21.46,72.14,NULL,NULL,NULL),(256,'CARRABELLE',41000,8,NULL,29.51,-84.40,NULL,NULL,NULL),(257,'APALACHICOLA',80000,8,NULL,29.43,-84.59,NULL,NULL,NULL),(258,'PORT ST JOE',83000,8,NULL,29.49,-85.19,NULL,NULL,NULL),(259,'PANAMA CITY',43000,8,NULL,30.08,-85.39,NULL,NULL,NULL),(260,'PENSACOLA',78000,8,NULL,30.24,-87.13,NULL,NULL,NULL),(261,'MOBILE',156000,8,NULL,30.41,-88.07,NULL,NULL,NULL),(262,'PASCAGOULA',23000,8,NULL,30.21,-88.34,NULL,NULL,NULL),(263,'BILOXI',58000,8,NULL,30.23,-88.53,NULL,NULL,NULL),(264,'GULFPORT',42000,8,NULL,30.21,-89.05,NULL,NULL,NULL),(265,'SLIDELL',67000,8,NULL,30.16,-89.47,NULL,NULL,NULL),(266,'MADISONVILLE',85000,8,NULL,30.24,-90.09,NULL,NULL,NULL),(267,'SOUTHWEST PASS',78000,8,NULL,28.27,-90.42,NULL,NULL,NULL),(268,'PORT SULPHUR',20000,8,NULL,29.29,-89.41,NULL,NULL,NULL),(269,'GRETNA',43000,8,NULL,29.55,-90.04,NULL,NULL,NULL),(270,'NEW ORLEANS',53000,8,NULL,29.57,-90.03,NULL,NULL,NULL),(271,'PORT OF MEMPHIS',83000,8,NULL,35.04,-90.10,NULL,NULL,NULL),(272,'TRI-CITY PORT',16000,8,NULL,38.43,-90.12,NULL,NULL,NULL),(273,'ST. JAMES',53000,8,NULL,29.59,-90.56,NULL,NULL,NULL),(274,'CONVENT',118000,8,NULL,30.01,-90.50,NULL,NULL,NULL),(275,'ST ROSE',44000,8,NULL,29.57,-90.19,NULL,NULL,NULL),(276,'RESERVE',78000,8,NULL,30.03,-90.33,NULL,NULL,NULL),(277,'DESTREHAN',20000,8,NULL,29.57,-90.22,NULL,NULL,NULL),(278,'BATON ROUGE',46000,8,NULL,30.27,-91.11,NULL,NULL,NULL),(279,'LOOP TERMINAL',77000,8,NULL,28.53,-90.01,NULL,NULL,NULL),(280,'GRAND ISLE',19000,8,NULL,29.14,-90.00,NULL,NULL,NULL),(281,'MORGAN CITY',9000,8,NULL,29.42,-91.13,NULL,NULL,NULL),(282,'HAYMARK TERMINAL',49000,8,NULL,30.08,-93.19,NULL,NULL,NULL),(283,'LAKE CHARLES',31000,8,NULL,30.13,-93.15,NULL,NULL,NULL),(284,'SABINE',96000,8,NULL,29.43,-93.52,NULL,NULL,NULL),(285,'SABINE PASS',117000,8,NULL,29.44,-93.54,NULL,NULL,NULL),(286,'ORANGE',28000,8,NULL,30.05,-93.44,NULL,NULL,NULL),(287,'PORT ARTHUR',113000,8,NULL,29.50,-93.58,NULL,NULL,NULL),(288,'PORT NECHES',11000,8,NULL,30.00,-93.57,NULL,NULL,NULL),(289,'BEAUMONT',64000,8,NULL,30.05,-94.05,NULL,NULL,NULL),(290,'GALVESTON',82000,8,NULL,29.19,-94.47,NULL,NULL,NULL),(291,'TEXAS CITY',89000,8,NULL,29.23,-94.55,NULL,NULL,NULL),(292,'BAYTOWN',18000,8,NULL,29.44,-95.01,NULL,NULL,NULL),(293,'NORSWORTHY',54000,8,NULL,29.44,-95.12,NULL,NULL,NULL),(294,'PASADENA',88000,8,NULL,29.43,-95.13,NULL,NULL,NULL),(295,'SINCO',124000,8,NULL,29.43,-95.14,NULL,NULL,NULL),(296,'DEER PARK',13000,8,NULL,29.45,-95.20,NULL,NULL,NULL),(297,'HOUSTON',15000,8,NULL,29.45,-95.17,NULL,NULL,NULL),(298,'FREEPORT',77000,8,NULL,28.57,-95.20,NULL,NULL,NULL),(299,'PALACIOS',100000,8,NULL,28.41,-96.13,NULL,NULL,NULL),(300,'PORT LAVACA',49000,8,NULL,28.37,-96.37,NULL,NULL,NULL),(301,'PORT OCONNOR',14000,8,NULL,28.27,-96.24,NULL,NULL,NULL),(302,'ROCKPORT',162000,8,NULL,28.01,-97.03,NULL,NULL,NULL),(303,'CORPUS CHRISTI',21000,8,NULL,27.49,-97.24,NULL,NULL,NULL),(304,'PORT ARANSAS',8000,8,NULL,27.50,-97.03,NULL,NULL,NULL),(305,'PORT INGLESIDE',36000,8,NULL,27.49,-97.11,NULL,NULL,NULL),(306,'PORT ISABEL',116000,8,NULL,26.05,-97.12,NULL,NULL,NULL),(307,'BROWNSVILLE',7000,8,NULL,25.57,-97.24,NULL,NULL,NULL),(308,'LAGOS',38000,9,NULL,6.24,3.24,NULL,NULL,NULL),(309,'TIN CAN ISLAND',31000,9,NULL,6.21,3.21,NULL,NULL,NULL),(310,'ESCRAVOS OIL TERMINAL',30000,9,NULL,5.30,5.00,NULL,NULL,NULL),(311,'KOKO',93000,9,NULL,6.00,5.28,NULL,NULL,NULL),(312,'SAPELE',27000,9,NULL,5.54,5.41,NULL,NULL,NULL),(313,'FORCADOS',47000,9,NULL,5.22,5.26,NULL,NULL,NULL),(314,'FORCADOS OIL TERMINAL',51000,9,NULL,5.10,5.11,NULL,NULL,NULL),(315,'BURUTU',112000,9,NULL,5.21,5.30,NULL,NULL,NULL),(316,'WARRI',32000,9,NULL,5.31,5.44,NULL,NULL,NULL),(317,'UKPOKITI MARINE TERMINAL',69000,9,NULL,5.43,4.50,NULL,NULL,NULL),(318,'YOHO TERMINAL',93000,9,NULL,4.01,7.28,NULL,NULL,NULL),(319,'SEA EAGLE TERMINAL',6000,9,NULL,4.48,5.19,NULL,NULL,NULL),(320,'BRASS OIL TERMINAL',63000,9,NULL,4.04,6.17,NULL,NULL,NULL),(321,'QUA IBOE OIL TERMINAL',147000,9,NULL,4.14,8.02,NULL,NULL,NULL),(322,'PENNINGTON OIL TERMINAL',22000,9,NULL,4.15,5.37,NULL,NULL,NULL),(323,'BONNY',76000,9,NULL,4.27,7.10,NULL,NULL,NULL),(324,'BONNY OFFSHORE TERMINAL',52000,9,NULL,4.11,7.14,NULL,NULL,NULL),(325,'OKRIKA',12000,9,NULL,4.43,7.05,NULL,NULL,NULL),(326,'ONNE',66000,9,NULL,4.41,7.09,NULL,NULL,NULL),(327,'PORT HARCOURT',24000,9,NULL,4.46,7.00,NULL,NULL,NULL),(328,'ANTAN OIL TERMINAL',140000,9,NULL,4.13,8.20,NULL,NULL,NULL),(329,'CALABAR',11000,9,NULL,4.58,8.19,NULL,NULL,NULL),(330,'ODUDU TERMINAL',16000,9,NULL,4.00,7.46,NULL,NULL,NULL),(331,'OKONO TERMINAL',58000,9,NULL,3.59,7.18,NULL,NULL,NULL),(332,'OKWORI TERMINAL',29000,9,NULL,3.51,6.59,NULL,NULL,NULL),(333,'WALVIS BAY',24000,9,NULL,-22.57,14.30,NULL,NULL,NULL),(334,'LUDERITZ BAY',46000,9,NULL,-26.39,15.09,NULL,NULL,NULL),(335,'SAN PEDRO',82000,9,NULL,4.44,-6.37,NULL,NULL,NULL),(336,'BAOBAB MARINE TERMINAL',53000,9,NULL,4.58,-4.33,NULL,NULL,NULL),(337,'PORT BOUET',75000,9,NULL,5.14,-3.58,NULL,NULL,NULL),(338,'ABIDJAN',31000,9,NULL,5.15,-4.01,NULL,NULL,NULL),(339,'ESPOIR MARINE TERMINAL',71000,9,NULL,5.03,-4.27,NULL,NULL,NULL),(340,'GEMLIK',6000,1,NULL,40.25,29.07,NULL,NULL,NULL),(341,'ECEABAT',100000,1,NULL,40.11,26.22,NULL,NULL,NULL),(342,'GELIBOLU',24000,1,NULL,40.24,26.40,NULL,NULL,NULL),(343,'BORUSAN FERTILIZER JETTY',133000,1,NULL,40.25,29.06,NULL,NULL,NULL),(344,'AMBARLI',24000,1,NULL,40.58,28.42,NULL,NULL,NULL),(345,'TEKIRDAG',21000,1,NULL,40.59,27.31,NULL,NULL,NULL),(346,'ISTANBUL',9000,1,NULL,41.01,28.58,NULL,NULL,NULL),(347,'DEFTERDAR BURNU',59000,1,NULL,41.03,29.02,NULL,NULL,NULL),(348,'ISTINYE',150000,1,NULL,41.07,29.03,NULL,NULL,NULL),(349,'HOPA',84000,1,NULL,41.25,41.24,NULL,NULL,NULL),(350,'RIZE',11000,1,NULL,41.04,40.31,NULL,NULL,NULL),(351,'TRABZON',41000,1,NULL,41.01,39.46,NULL,NULL,NULL),(352,'GIRESUN',34000,1,NULL,40.56,38.24,NULL,NULL,NULL),(353,'ORDU',71000,1,NULL,41.00,37.53,NULL,NULL,NULL),(354,'SAMSUN',36000,1,NULL,41.18,36.21,NULL,NULL,NULL),(355,'SINOP',104000,1,NULL,42.03,35.10,NULL,NULL,NULL),(356,'INEBOLU',125000,1,NULL,41.59,33.46,NULL,NULL,NULL),(357,'ZONGULDAK',110000,1,NULL,41.28,31.49,NULL,NULL,NULL),(358,'EREGLI',69000,1,NULL,41.18,31.27,NULL,NULL,NULL),(359,'HAYDARPASA',12000,1,NULL,41.00,29.01,NULL,NULL,NULL),(360,'BOTAS NATURAL GAS TERMINAL',57000,1,NULL,41.00,27.59,NULL,NULL,NULL),(361,'YARIMCA',14000,1,NULL,40.48,29.42,NULL,NULL,NULL),(362,'KABA BURNU',78000,1,NULL,40.46,29.32,NULL,NULL,NULL),(363,'DERINCE BURNU',49000,1,NULL,40.45,29.49,NULL,NULL,NULL),(364,'IZMIT',87000,1,NULL,40.46,29.55,NULL,NULL,NULL),(365,'GEBZE',22000,1,NULL,40.46,29.33,NULL,NULL,NULL),(366,'GOLCUK BURNU',25000,1,NULL,40.44,29.49,NULL,NULL,NULL),(367,'MUDANYA',39000,1,NULL,40.23,28.53,NULL,NULL,NULL),(368,'BANDIRMA',43000,1,NULL,40.21,27.58,NULL,NULL,NULL),(369,'ERDEK',24000,1,NULL,40.23,27.48,NULL,NULL,NULL),(370,'KARABIGA',45000,1,NULL,40.24,27.19,NULL,NULL,NULL),(371,'CANAKKALE',33000,1,NULL,40.09,26.24,NULL,NULL,NULL),(372,'FAKSE LADEPLADS HAVN',14000,6,NULL,55.13,12.10,NULL,NULL,NULL),(373,'KOGE',9000,6,NULL,55.27,12.12,NULL,NULL,NULL),(374,'KOBENHAVN',54000,6,NULL,55.42,12.37,NULL,NULL,NULL),(375,'TUBORG',6000,6,NULL,55.43,12.35,NULL,NULL,NULL),(376,'HELSINGOR',31000,6,NULL,56.02,12.37,NULL,NULL,NULL),(377,'HUNDESTED',6000,6,NULL,55.58,11.51,NULL,NULL,NULL),(378,'FREDERIKSVAERK',27000,6,NULL,55.58,12.01,NULL,NULL,NULL),(379,'FREDERIKSSUND',31000,6,NULL,55.50,12.03,NULL,NULL,NULL),(380,'KYNDBYVAERKETS HAVN',40000,6,NULL,55.49,11.53,NULL,NULL,NULL),(381,'HOLBAEK',16000,6,NULL,55.43,11.43,NULL,NULL,NULL),(382,'NYKOBING (MOR)',42000,6,NULL,56.46,11.52,NULL,NULL,NULL),(383,'KALUNDBORG',115000,6,NULL,55.41,11.06,NULL,NULL,NULL),(384,'KORSOR',27000,6,NULL,55.20,11.08,NULL,NULL,NULL),(385,'SKAELSKOR',41000,6,NULL,55.15,11.18,NULL,NULL,NULL),(386,'STIGSNAESVAERKET',5000,6,NULL,55.12,11.15,NULL,NULL,NULL),(387,'GULFHAVEN',44000,6,NULL,55.12,11.16,NULL,NULL,NULL),(388,'NAESTVED',62000,6,NULL,55.14,11.45,NULL,NULL,NULL),(389,'VORDINGBORG',69000,6,NULL,55.00,11.54,NULL,NULL,NULL),(390,'STUBBEKOBING',57000,6,NULL,54.53,12.03,NULL,NULL,NULL),(391,'STEGE',42000,6,NULL,54.59,12.17,NULL,NULL,NULL),(392,'NYKOBING (FALSTER)',55000,6,NULL,54.46,11.52,NULL,NULL,NULL),(393,'SAKSKOBING',52000,6,NULL,54.48,11.38,NULL,NULL,NULL),(394,'BANDHOLM',77000,6,NULL,54.50,11.30,NULL,NULL,NULL),(395,'NAKSKOV',88000,6,NULL,54.50,11.08,NULL,NULL,NULL),(396,'RODBY HAVN',59000,6,NULL,54.39,11.21,NULL,NULL,NULL),(397,'NYSTED',19000,6,NULL,54.40,11.44,NULL,NULL,NULL),(398,'RUDKOBING',16000,6,NULL,54.57,10.43,NULL,NULL,NULL),(399,'MARSTAL',8000,6,NULL,54.55,10.20,NULL,NULL,NULL),(400,'AEROSKOBING',6000,6,NULL,54.53,10.25,NULL,NULL,NULL),(401,'SVENDBORG',34000,6,NULL,55.04,10.37,NULL,NULL,NULL),(402,'NYBORG',70000,6,NULL,55.19,10.48,NULL,NULL,NULL),(403,'KERTEMINDE',21000,6,NULL,55.27,10.40,NULL,NULL,NULL),(404,'ODENSE',29000,6,NULL,55.25,10.23,NULL,NULL,NULL),(405,'FALKENBERG',52000,6,NULL,56.54,12.30,NULL,NULL,NULL),(406,'HALMSTAD',32000,6,NULL,56.40,12.52,NULL,NULL,NULL),(407,'HOGANAS',40000,6,NULL,56.12,12.33,NULL,NULL,NULL),(408,'HELSINGBORG',57000,6,NULL,56.03,12.42,NULL,NULL,NULL),(409,'LANDSKRONA',93000,6,NULL,55.52,12.50,NULL,NULL,NULL),(410,'MALMO',89000,6,NULL,55.37,13.00,NULL,NULL,NULL),(411,'LIMHAMN',80000,6,NULL,55.35,12.56,NULL,NULL,NULL),(412,'TRELLEBORG',21000,6,NULL,55.22,13.09,NULL,NULL,NULL),(413,'YSTAD',77000,6,NULL,55.26,13.50,NULL,NULL,NULL);
/*!40000 ALTER TABLE `ports` ENABLE KEYS */;
UNLOCK TABLES;

--
-- Table structure for table `quantity_measurements`
--

DROP TABLE IF EXISTS `quantity_measurements`;
/*!40101 SET @saved_cs_client     = @@character_set_client */;
/*!40101 SET character_set_client = utf8 */;
CREATE TABLE `quantity_measurements` (
  `id` int(10) unsigned NOT NULL AUTO_INCREMENT,
  `name` varchar(255) COLLATE utf8mb4_unicode_ci NOT NULL,
  `created_at` timestamp NULL DEFAULT NULL,
  `updated_at` timestamp NULL DEFAULT NULL,
  `deleted_at` timestamp NULL DEFAULT NULL,
  PRIMARY KEY (`id`),
  UNIQUE KEY `quantity_measurements_name_unique` (`name`)
) ENGINE=InnoDB AUTO_INCREMENT=4 DEFAULT CHARSET=utf8mb4 COLLATE=utf8mb4_unicode_ci;
/*!40101 SET character_set_client = @saved_cs_client */;

--
-- Dumping data for table `quantity_measurements`
--

LOCK TABLES `quantity_measurements` WRITE;
/*!40000 ALTER TABLE `quantity_measurements` DISABLE KEYS */;
INSERT INTO `quantity_measurements` VALUES (1,'Exact','2017-12-05 12:54:39','2017-12-05 12:54:39',NULL),(2,'About +-/%','2017-12-05 12:54:39','2017-12-05 12:54:39',NULL),(3,'From to','2017-12-05 12:54:39','2017-12-05 12:54:39',NULL);
/*!40000 ALTER TABLE `quantity_measurements` ENABLE KEYS */;
UNLOCK TABLES;

--
-- Table structure for table `regions`
--

DROP TABLE IF EXISTS `regions`;
/*!40101 SET @saved_cs_client     = @@character_set_client */;
/*!40101 SET character_set_client = utf8 */;
CREATE TABLE `regions` (
  `id` int(10) unsigned NOT NULL AUTO_INCREMENT,
  `name` varchar(255) COLLATE utf8mb4_unicode_ci NOT NULL,
  `created_at` timestamp NULL DEFAULT NULL,
  `updated_at` timestamp NULL DEFAULT NULL,
  `deleted_at` timestamp NULL DEFAULT NULL,
  PRIMARY KEY (`id`),
  UNIQUE KEY `regions_name_unique` (`name`)
) ENGINE=InnoDB AUTO_INCREMENT=16 DEFAULT CHARSET=utf8mb4 COLLATE=utf8mb4_unicode_ci;
/*!40101 SET character_set_client = @saved_cs_client */;

--
-- Dumping data for table `regions`
--

LOCK TABLES `regions` WRITE;
/*!40000 ALTER TABLE `regions` DISABLE KEYS */;
INSERT INTO `regions` VALUES (1,'Canakkale',NULL,NULL,NULL),(2,'China South Korean',NULL,NULL,NULL),(3,'Chine South Japan',NULL,NULL,NULL),(4,'East Coast India',NULL,NULL,NULL),(5,'North China',NULL,NULL,NULL),(6,'Skaw Passero',NULL,NULL,NULL),(7,'South China',NULL,NULL,NULL),(8,'US Gulf',NULL,NULL,NULL),(9,'West Africa',NULL,NULL,NULL),(10,'Indoensia',NULL,NULL,NULL),(11,'East Cost South Amerikca',NULL,NULL,NULL),(12,'Med',NULL,NULL,NULL),(13,'BI Sea',NULL,NULL,NULL),(14,'Australia',NULL,NULL,NULL),(15,'Pacific',NULL,NULL,NULL);
/*!40000 ALTER TABLE `regions` ENABLE KEYS */;
UNLOCK TABLES;

--
-- Table structure for table `routes`
--

DROP TABLE IF EXISTS `routes`;
/*!40101 SET @saved_cs_client     = @@character_set_client */;
/*!40101 SET character_set_client = utf8 */;
CREATE TABLE `routes` (
  `id` int(10) unsigned NOT NULL AUTO_INCREMENT,
  `code` varchar(255) COLLATE utf8mb4_unicode_ci NOT NULL,
  `area1` int(10) unsigned NOT NULL,
  `area2` int(10) unsigned DEFAULT NULL,
  `area3` int(10) unsigned NOT NULL,
  `created_at` timestamp NULL DEFAULT NULL,
  `updated_at` timestamp NULL DEFAULT NULL,
  `deleted_at` timestamp NULL DEFAULT NULL,
  PRIMARY KEY (`id`),
  KEY `routes_area1_foreign` (`area1`),
  KEY `routes_area2_foreign` (`area2`),
  KEY `routes_area3_foreign` (`area3`),
  CONSTRAINT `routes_area1_foreign` FOREIGN KEY (`area1`) REFERENCES `regions` (`id`),
  CONSTRAINT `routes_area2_foreign` FOREIGN KEY (`area2`) REFERENCES `regions` (`id`),
  CONSTRAINT `routes_area3_foreign` FOREIGN KEY (`area3`) REFERENCES `regions` (`id`)
) ENGINE=InnoDB AUTO_INCREMENT=12 DEFAULT CHARSET=utf8mb4 COLLATE=utf8mb4_unicode_ci;
/*!40101 SET character_set_client = @saved_cs_client */;

--
-- Dumping data for table `routes`
--

LOCK TABLES `routes` WRITE;
/*!40000 ALTER TABLE `routes` DISABLE KEYS */;
INSERT INTO `routes` VALUES (1,'S1B_58',1,12,2,NULL,NULL,NULL),(2,'S1B_58',1,13,2,NULL,NULL,NULL),(3,'S1C_15',8,NULL,3,NULL,NULL,NULL),(4,'S2_58',7,14,7,NULL,NULL,NULL),(5,'S2_58',7,15,7,NULL,NULL,NULL),(6,'S3_58',5,NULL,9,NULL,NULL,NULL),(7,'S4A_58',8,NULL,6,NULL,NULL,NULL),(8,'S5_58',9,11,5,NULL,NULL,NULL),(9,'S8_58',7,10,4,NULL,NULL,NULL),(10,'S9_58',9,11,6,NULL,NULL,NULL),(11,'S10_58',7,10,7,NULL,NULL,NULL);
/*!40000 ALTER TABLE `routes` ENABLE KEYS */;
UNLOCK TABLES;

--
-- Table structure for table `ship_positions`
--

DROP TABLE IF EXISTS `ship_positions`;
/*!40101 SET @saved_cs_client     = @@character_set_client */;
/*!40101 SET character_set_client = utf8 */;
CREATE TABLE `ship_positions` (
  `id` int(10) unsigned NOT NULL AUTO_INCREMENT,
  `ship_id` int(10) unsigned NOT NULL,
  `region_id` int(10) unsigned NOT NULL,
  `port_id` int(10) unsigned NOT NULL,
  `date_of_opening` date NOT NULL,
  `created_at` timestamp NULL DEFAULT NULL,
  `updated_at` timestamp NULL DEFAULT NULL,
  `deleted_at` timestamp NULL DEFAULT NULL,
  PRIMARY KEY (`id`),
  KEY `ship_positions_ship_id_foreign` (`ship_id`),
  KEY `ship_positions_region_id_foreign` (`region_id`),
  KEY `ship_positions_port_id_foreign` (`port_id`),
  CONSTRAINT `ship_positions_port_id_foreign` FOREIGN KEY (`port_id`) REFERENCES `ports` (`id`),
  CONSTRAINT `ship_positions_region_id_foreign` FOREIGN KEY (`region_id`) REFERENCES `regions` (`id`),
  CONSTRAINT `ship_positions_ship_id_foreign` FOREIGN KEY (`ship_id`) REFERENCES `ships` (`id`)
) ENGINE=InnoDB AUTO_INCREMENT=2 DEFAULT CHARSET=utf8mb4 COLLATE=utf8mb4_unicode_ci;
/*!40101 SET character_set_client = @saved_cs_client */;

--
-- Dumping data for table `ship_positions`
--

LOCK TABLES `ship_positions` WRITE;
/*!40000 ALTER TABLE `ship_positions` DISABLE KEYS */;
INSERT INTO `ship_positions` VALUES (1,1,1,1,'2017-12-07','2017-12-06 08:52:09','2017-12-06 08:52:09',NULL);
/*!40000 ALTER TABLE `ship_positions` ENABLE KEYS */;
UNLOCK TABLES;

--
-- Table structure for table `ship_specializations`
--

DROP TABLE IF EXISTS `ship_specializations`;
/*!40101 SET @saved_cs_client     = @@character_set_client */;
/*!40101 SET character_set_client = utf8 */;
CREATE TABLE `ship_specializations` (
  `id` int(10) unsigned NOT NULL AUTO_INCREMENT,
  `name` varchar(255) COLLATE utf8mb4_unicode_ci NOT NULL,
  `created_at` timestamp NULL DEFAULT NULL,
  `updated_at` timestamp NULL DEFAULT NULL,
  `deleted_at` timestamp NULL DEFAULT NULL,
  PRIMARY KEY (`id`),
  UNIQUE KEY `ship_specializations_name_unique` (`name`)
) ENGINE=InnoDB AUTO_INCREMENT=12 DEFAULT CHARSET=utf8mb4 COLLATE=utf8mb4_unicode_ci;
/*!40101 SET character_set_client = @saved_cs_client */;

--
-- Dumping data for table `ship_specializations`
--

LOCK TABLES `ship_specializations` WRITE;
/*!40000 ALTER TABLE `ship_specializations` DISABLE KEYS */;
INSERT INTO `ship_specializations` VALUES (1,'Dry Bulk Carrier','2017-12-05 12:54:40','2017-12-05 12:54:40',NULL),(2,'Product Tanker','2017-12-05 12:54:40','2017-12-05 12:54:40',NULL),(3,'Containership','2017-12-05 12:54:40','2017-12-05 12:54:40',NULL),(4,'Oil Tanker','2017-12-05 12:54:40','2017-12-05 12:54:40',NULL),(5,'Multi Purpose Vessel','2017-12-05 12:54:40','2017-12-05 12:54:40',NULL),(6,'Refigerated-Cargo-Ship','2017-12-05 12:54:40','2017-12-05 12:54:40',NULL),(7,'Chemical Carrier','2017-12-05 12:54:40','2017-12-05 12:54:40',NULL),(8,'Vehicle carrier','2017-12-05 12:54:40','2017-12-05 12:54:40',NULL),(9,'Livestock Carrier','2017-12-05 12:54:40','2017-12-05 12:54:40',NULL),(10,'Hvy lift Vessel','2017-12-05 12:54:40','2017-12-05 12:54:40',NULL),(11,'Ro-ro Vessel','2017-12-05 12:54:40','2017-12-05 12:54:40',NULL);
/*!40000 ALTER TABLE `ship_specializations` ENABLE KEYS */;
UNLOCK TABLES;

--
-- Table structure for table `ship_types`
--

DROP TABLE IF EXISTS `ship_types`;
/*!40101 SET @saved_cs_client     = @@character_set_client */;
/*!40101 SET character_set_client = utf8 */;
CREATE TABLE `ship_types` (
  `id` int(10) unsigned NOT NULL AUTO_INCREMENT,
  `name` varchar(255) COLLATE utf8mb4_unicode_ci NOT NULL,
  `created_at` timestamp NULL DEFAULT NULL,
  `updated_at` timestamp NULL DEFAULT NULL,
  `deleted_at` timestamp NULL DEFAULT NULL,
  PRIMARY KEY (`id`),
  UNIQUE KEY `ship_types_name_unique` (`name`)
) ENGINE=InnoDB AUTO_INCREMENT=6 DEFAULT CHARSET=utf8mb4 COLLATE=utf8mb4_unicode_ci;
/*!40101 SET character_set_client = @saved_cs_client */;

--
-- Dumping data for table `ship_types`
--

LOCK TABLES `ship_types` WRITE;
/*!40000 ALTER TABLE `ship_types` DISABLE KEYS */;
INSERT INTO `ship_types` VALUES (1,'Coaster','2017-12-05 12:54:40','2017-12-05 12:54:40',NULL),(2,'Handysize','2017-12-05 12:54:40','2017-12-05 12:54:40',NULL),(3,'Handymax','2017-12-05 12:54:41','2017-12-05 12:54:41',NULL),(4,'Panamax','2017-12-05 12:54:41','2017-12-05 12:54:41',NULL),(5,'Capesize','2017-12-05 12:54:41','2017-12-05 12:54:41',NULL);
/*!40000 ALTER TABLE `ship_types` ENABLE KEYS */;
UNLOCK TABLES;

--
-- Table structure for table `ships`
--

DROP TABLE IF EXISTS `ships`;
/*!40101 SET @saved_cs_client     = @@character_set_client */;
/*!40101 SET character_set_client = utf8 */;
CREATE TABLE `ships` (
  `id` int(10) unsigned NOT NULL AUTO_INCREMENT,
  `name` varchar(255) COLLATE utf8mb4_unicode_ci NOT NULL,
  `imo` varchar(255) COLLATE utf8mb4_unicode_ci NOT NULL,
  `year_of_build` date NOT NULL,
  `dwcc` int(11) NOT NULL,
  `max_holds_capacity` decimal(8,2) NOT NULL,
  `ballast_draft` decimal(8,2) NOT NULL,
  `max_laden_draft` decimal(8,2) NOT NULL,
  `speed_laden` decimal(8,2) NOT NULL,
  `speed_ballast` decimal(8,2) NOT NULL,
  `fuel_type_id` int(10) unsigned NOT NULL,
  `fuel_consumption_at_sea` decimal(8,2) DEFAULT NULL,
  `fuel_consumption_in_port` decimal(8,2) DEFAULT NULL,
  `flag` varchar(255) COLLATE utf8mb4_unicode_ci NOT NULL,
  `ship_type_id` int(10) unsigned NOT NULL,
  `ship_specialization_id` int(10) unsigned NOT NULL,
  `gear_onboard` text COLLATE utf8mb4_unicode_ci,
  `additional_information` text COLLATE utf8mb4_unicode_ci,
  `created_at` timestamp NULL DEFAULT NULL,
  `updated_at` timestamp NULL DEFAULT NULL,
  `deleted_at` timestamp NULL DEFAULT NULL,
  PRIMARY KEY (`id`),
  UNIQUE KEY `ships_imo_unique` (`imo`),
  KEY `ships_fuel_type_id_foreign` (`fuel_type_id`),
  KEY `ships_ship_type_id_foreign` (`ship_type_id`),
  KEY `ships_ship_specialization_id_foreign` (`ship_specialization_id`),
  CONSTRAINT `ships_fuel_type_id_foreign` FOREIGN KEY (`fuel_type_id`) REFERENCES `fuel_types` (`id`),
  CONSTRAINT `ships_ship_specialization_id_foreign` FOREIGN KEY (`ship_specialization_id`) REFERENCES `ship_specializations` (`id`),
  CONSTRAINT `ships_ship_type_id_foreign` FOREIGN KEY (`ship_type_id`) REFERENCES `ship_types` (`id`)
) ENGINE=InnoDB AUTO_INCREMENT=6 DEFAULT CHARSET=utf8mb4 COLLATE=utf8mb4_unicode_ci;
/*!40101 SET character_set_client = @saved_cs_client */;

--
-- Dumping data for table `ships`
--

LOCK TABLES `ships` WRITE;
/*!40000 ALTER TABLE `ships` DISABLE KEYS */;
INSERT INTO `ships` VALUES (1,'Baltic 58K (TESS 58)','','0000-00-00',58328,72360.00,10.00,15.50,14.00,14.00,1,33.00,5.00,'Netherlands',3,1,NULL,NULL,NULL,NULL,NULL),(2,'Cape Sun','9174725','1998-01-01',171746,213463.00,10.20,17.72,15.00,15.00,1,45.00,6.00,'Cyprus',4,1,NULL,NULL,NULL,NULL,NULL),(3,'Angelos','9175913','2010-01-01',23612,50000.00,7.40,9.57,14.00,14.00,1,23.00,5.00,'Cook Islands',2,1,NULL,NULL,NULL,NULL,NULL),(4,'Youcheng','6709610','2008-01-01',37758,60253.00,7.80,11.32,16.00,17.00,1,35.00,6.00,'Panama',2,1,NULL,NULL,NULL,NULL,NULL),(5,'Jia Hai','6721149','2006-01-01',37893,59382.00,8.20,11.20,11.00,11.00,1,25.00,4.00,'China',2,1,NULL,NULL,NULL,NULL,NULL);
/*!40000 ALTER TABLE `ships` ENABLE KEYS */;
UNLOCK TABLES;

--
-- Table structure for table `stowage_factor_units`
--

DROP TABLE IF EXISTS `stowage_factor_units`;
/*!40101 SET @saved_cs_client     = @@character_set_client */;
/*!40101 SET character_set_client = utf8 */;
CREATE TABLE `stowage_factor_units` (
  `id` int(10) unsigned NOT NULL AUTO_INCREMENT,
  `unit` varchar(255) COLLATE utf8mb4_unicode_ci NOT NULL,
  `created_at` timestamp NULL DEFAULT NULL,
  `updated_at` timestamp NULL DEFAULT NULL,
  `deleted_at` timestamp NULL DEFAULT NULL,
  PRIMARY KEY (`id`),
  UNIQUE KEY `stowage_factor_units_unit_unique` (`unit`)
) ENGINE=InnoDB AUTO_INCREMENT=4 DEFAULT CHARSET=utf8mb4 COLLATE=utf8mb4_unicode_ci;
/*!40101 SET character_set_client = @saved_cs_client */;

--
-- Dumping data for table `stowage_factor_units`
--

LOCK TABLES `stowage_factor_units` WRITE;
/*!40000 ALTER TABLE `stowage_factor_units` DISABLE KEYS */;
INSERT INTO `stowage_factor_units` VALUES (1,'FT/MT','2017-12-05 12:54:40','2017-12-05 12:54:40',NULL),(2,'M2/MT','2017-12-05 12:54:40','2017-12-05 12:54:40',NULL),(3,'DWCC','2017-12-05 12:54:40','2017-12-05 12:54:40',NULL);
/*!40000 ALTER TABLE `stowage_factor_units` ENABLE KEYS */;
UNLOCK TABLES;

--
-- Table structure for table `users`
--

DROP TABLE IF EXISTS `users`;
/*!40101 SET @saved_cs_client     = @@character_set_client */;
/*!40101 SET character_set_client = utf8 */;
CREATE TABLE `users` (
  `id` int(10) unsigned NOT NULL AUTO_INCREMENT,
  `name` varchar(255) COLLATE utf8mb4_unicode_ci NOT NULL,
  `email` varchar(255) COLLATE utf8mb4_unicode_ci NOT NULL,
  `password` varchar(255) COLLATE utf8mb4_unicode_ci NOT NULL,
  `role` varchar(255) COLLATE utf8mb4_unicode_ci NOT NULL,
  `remember_token` varchar(100) COLLATE utf8mb4_unicode_ci DEFAULT NULL,
  `created_at` timestamp NULL DEFAULT NULL,
  `updated_at` timestamp NULL DEFAULT NULL,
  PRIMARY KEY (`id`),
  UNIQUE KEY `users_email_unique` (`email`)
) ENGINE=InnoDB AUTO_INCREMENT=2 DEFAULT CHARSET=utf8mb4 COLLATE=utf8mb4_unicode_ci;
/*!40101 SET character_set_client = @saved_cs_client */;

--
-- Dumping data for table `users`
--

LOCK TABLES `users` WRITE;
/*!40000 ALTER TABLE `users` DISABLE KEYS */;
INSERT INTO `users` VALUES (1,'admin','admin@24vision.com','$2y$10$gfI57Ci81xG9fRxknXENve3gvGmfuGEuL2K5b2a5pZdVmqiFAPfMy','Super admin','0WGsIPJw2O3WHTLjRvAlX3RRBZ7qV0ust6quWRzLoA6ZbZXTHW8HjjlJeqYp','2017-12-05 22:32:57','2017-12-05 22:32:57');
/*!40000 ALTER TABLE `users` ENABLE KEYS */;
UNLOCK TABLES;
/*!40103 SET TIME_ZONE=@OLD_TIME_ZONE */;

/*!40101 SET SQL_MODE=@OLD_SQL_MODE */;
/*!40014 SET FOREIGN_KEY_CHECKS=@OLD_FOREIGN_KEY_CHECKS */;
/*!40014 SET UNIQUE_CHECKS=@OLD_UNIQUE_CHECKS */;
/*!40101 SET CHARACTER_SET_CLIENT=@OLD_CHARACTER_SET_CLIENT */;
/*!40101 SET CHARACTER_SET_RESULTS=@OLD_CHARACTER_SET_RESULTS */;
/*!40101 SET COLLATION_CONNECTION=@OLD_COLLATION_CONNECTION */;
/*!40111 SET SQL_NOTES=@OLD_SQL_NOTES */;

-- Dump completed on 2017-12-06 22:02:54
